Site_Name,Site_Type,Latin_Name,Common,Year,PctFreq,Ave_Cov,Invasive,Protected,X_Coord,Y_Coord
SEN-01,Sentinel,Acer rubrum,red maple,2011,0,0.02,FALSE,FALSE,574855.46,4911908.58
SEN-01,Sentinel,Amelanchier,serviceberry,2011,20,0.02,FALSE,FALSE,574855.46,4911908.58
SEN-01,Sentinel,Andromeda polifolia,bog rosemary,2011,80,2.22,FALSE,FALSE,574855.46,4911908.58
SEN-01,Sentinel,Arethusa bulbosa,dragon's mouth,2011,40,0.04,FALSE,TRUE,574855.46,4911908.58
SEN-01,Sentinel,Aronia melanocarpa,black chokeberry,2011,100,2.64,FALSE,FALSE,574855.46,4911908.58
SEN-01,Sentinel,Carex exilis,coastal sedge,2011,60,6.6,FALSE,FALSE,574855.46,4911908.58
SEN-01,Sentinel,Chamaedaphne calyculata,leatherleaf,2011,100,10.2,FALSE,FALSE,574855.46,4911908.58
SEN-01,Sentinel,Drosera intermedia,spoonleaf sundew,2011,60,0.06,FALSE,FALSE,574855.46,4911908.58
SEN-01,Sentinel,Drosera rotundifolia,round-leaf sundew,2011,100,0.86,FALSE,FALSE,574855.46,4911908.58
SEN-01,Sentinel,Empetrum nigrum,black crowberry,2011,100,4.82,FALSE,FALSE,574855.46,4911908.58
SEN-01,Sentinel,Eriophorum angustifolium,tall cottongrass,2011,100,0.1,FALSE,FALSE,574855.46,4911908.58
SEN-01,Sentinel,Eriophorum vaginatum,tussock cottongrass,2011,60,0.44,FALSE,FALSE,574855.46,4911908.58
SEN-01,Sentinel,Gaylussacia baccata,black huckleberry,2011,20,0.4,FALSE,FALSE,574855.46,4911908.58
SEN-01,Sentinel,Gaylussacia dumosa,dwarf huckleberry,2011,100,31.2,FALSE,FALSE,574855.46,4911908.58
SEN-01,Sentinel,Ilex mucronata,mountain holly/catberry,2011,40,0.04,FALSE,FALSE,574855.46,4911908.58
SEN-01,Sentinel,Juniperus communis,common juniper,2011,40,0.04,FALSE,FALSE,574855.46,4911908.58
SEN-01,Sentinel,Kalmia angustifolia,sheep laurel,2011,100,0.1,FALSE,FALSE,574855.46,4911908.58
SEN-01,Sentinel,Kalmia polifolia,bog laurel,2011,100,0.1,FALSE,FALSE,574855.46,4911908.58
SEN-01,Sentinel,Larix laricina,tamarack,2011,40,0.22,FALSE,FALSE,574855.46,4911908.58
SEN-01,Sentinel,Myrica gale,sweetgale,2011,60,0.06,FALSE,FALSE,574855.46,4911908.58
SEN-01,Sentinel,Nuphar variegata,spatterdock,2011,20,0.6,FALSE,FALSE,574855.46,4911908.58
SEN-01,Sentinel,Picea mariana,black spruce,2011,80,2.4,FALSE,FALSE,574855.46,4911908.58
SEN-01,Sentinel,Rhododendron canadense,rhodora,2011,20,0.02,FALSE,FALSE,574855.46,4911908.58
SEN-01,Sentinel,Rhododendron groenlandicum,bog Labrador tea,2011,60,0.06,FALSE,FALSE,574855.46,4911908.58
SEN-01,Sentinel,Rhynchospora alba,white beaksedge,2011,100,0.84,FALSE,FALSE,574855.46,4911908.58
SEN-01,Sentinel,Sarracenia purpurea,purple pitcherplant,2011,100,0.28,FALSE,FALSE,574855.46,4911908.58
SEN-01,Sentinel,Solidago uliginosa,bog goldenrod,2011,100,0.1,FALSE,FALSE,574855.46,4911908.58
SEN-01,Sentinel,Symplocarpus foetidus,skunk cabbage,2011,20,0.02,FALSE,FALSE,574855.46,4911908.58
SEN-01,Sentinel,Trichophorum cespitosum,tufted bulrush,2011,100,5.6,FALSE,FALSE,574855.46,4911908.58
SEN-01,Sentinel,Trientalis borealis,starflower,2011,40,0.04,FALSE,FALSE,574855.46,4911908.58
SEN-01,Sentinel,Utricularia cornuta,horned bladderwort,2011,100,0.1,FALSE,FALSE,574855.46,4911908.58
SEN-01,Sentinel,Vaccinium oxycoccos,small cranberry,2011,100,0.28,FALSE,FALSE,574855.46,4911908.58
SEN-01,Sentinel,Viburnum nudum var. cassinoides,northern wild raisin,2011,40,0.04,FALSE,FALSE,574855.46,4911908.58
SEN-01,Sentinel,Xyris montana,northern yellow-eyed-grass,2011,40,0.04,FALSE,FALSE,574855.46,4911908.58
SEN-02,Sentinel,Acer rubrum,red maple,2011,100,0.1,FALSE,FALSE,556241.98,4914369.21
SEN-02,Sentinel,Arethusa bulbosa,dragon's mouth,2011,20,11,FALSE,TRUE,556241.98,4914369.21
SEN-02,Sentinel,Aronia melanocarpa,black chokeberry,2011,100,0.1,FALSE,FALSE,556241.98,4914369.21
SEN-02,Sentinel,Betula populifolia,gray birch,2011,20,0.02,FALSE,FALSE,556241.98,4914369.21
SEN-02,Sentinel,Carex exilis,coastal sedge,2011,100,5.04,FALSE,FALSE,556241.98,4914369.21
SEN-02,Sentinel,Carex lasiocarpa,woolly-fruit sedge,2011,40,0.04,FALSE,FALSE,556241.98,4914369.21
SEN-02,Sentinel,Carex stricta,upright sedge,2011,100,20.42,FALSE,FALSE,556241.98,4914369.21
SEN-02,Sentinel,Carex utriculata,Northwest Territory sedge,2011,60,16,FALSE,FALSE,556241.98,4914369.21
SEN-02,Sentinel,Chamaedaphne calyculata,leatherleaf,2011,100,23.4,FALSE,FALSE,556241.98,4914369.21
SEN-02,Sentinel,Drosera intermedia,spoonleaf sundew,2011,40,0.04,FALSE,FALSE,556241.98,4914369.21
SEN-02,Sentinel,Drosera rotundifolia,round-leaf sundew,2011,100,1.4,FALSE,FALSE,556241.98,4914369.21
SEN-02,Sentinel,Dulichium arundinaceum,threeway sedge,2011,60,0.06,FALSE,FALSE,556241.98,4914369.21
SEN-02,Sentinel,Eriophorum virginicum,tawny cottongrass,2011,80,1.86,FALSE,FALSE,556241.98,4914369.21
SEN-02,Sentinel,Gaylussacia baccata,black huckleberry,2011,80,1.46,FALSE,FALSE,556241.98,4914369.21
SEN-02,Sentinel,Ilex mucronata,mountain holly/catberry,2011,60,0.06,FALSE,FALSE,556241.98,4914369.21
SEN-02,Sentinel,Ilex verticillata,common winterberry,2011,20,0.02,FALSE,FALSE,556241.98,4914369.21
SEN-02,Sentinel,Juncus acuminatus,tapertip rush,2011,20,0.02,FALSE,FALSE,556241.98,4914369.21
SEN-02,Sentinel,Kalmia angustifolia,sheep laurel,2011,100,1.66,FALSE,FALSE,556241.98,4914369.21
SEN-02,Sentinel,Kalmia polifolia,bog laurel,2011,40,0.04,FALSE,FALSE,556241.98,4914369.21
SEN-02,Sentinel,Larix laricina,tamarack,2011,100,0.46,FALSE,FALSE,556241.98,4914369.21
SEN-02,Sentinel,Lysimachia terrestris,earth loosestrife,2011,40,0.04,FALSE,FALSE,556241.98,4914369.21
SEN-02,Sentinel,Maianthemum trifolium,threeleaf false lily of the valley,2011,20,0.02,FALSE,FALSE,556241.98,4914369.21
SEN-02,Sentinel,Muhlenbergia uniflora,bog muhly,2011,20,0.4,FALSE,FALSE,556241.98,4914369.21
SEN-02,Sentinel,Myrica gale,sweetgale,2011,100,4.8,FALSE,FALSE,556241.98,4914369.21
SEN-02,Sentinel,Oclemena nemoralis,bog aster,2011,80,1.6,FALSE,FALSE,556241.98,4914369.21
SEN-02,Sentinel,Picea mariana,black spruce,2011,100,0.48,FALSE,FALSE,556241.98,4914369.21
SEN-02,Sentinel,Pinus strobus,eastern white pine,2011,80,0.64,FALSE,FALSE,556241.98,4914369.21
SEN-02,Sentinel,Rhododendron canadense,rhodora,2011,40,0.04,FALSE,FALSE,556241.98,4914369.21
SEN-02,Sentinel,Rhododendron groenlandicum,bog Labrador tea,2011,20,6,FALSE,FALSE,556241.98,4914369.21
SEN-02,Sentinel,Rhynchospora alba,white beaksedge,2011,0,6.04,FALSE,FALSE,556241.98,4914369.21
SEN-02,Sentinel,Rubus hispidus,bristly dewberry,2011,60,0.06,FALSE,FALSE,556241.98,4914369.21
SEN-02,Sentinel,Sarracenia purpurea,purple pitcherplant,2011,100,1.04,FALSE,FALSE,556241.98,4914369.21
SEN-02,Sentinel,Scutellaria lateriflora,blue skullcap,2011,20,0.02,FALSE,FALSE,556241.98,4914369.21
SEN-02,Sentinel,Spiraea alba,white meadowsweet,2011,20,0.2,FALSE,FALSE,556241.98,4914369.21
SEN-02,Sentinel,Spiraea tomentosa,steeplebush,2011,80,0.08,FALSE,FALSE,556241.98,4914369.21
SEN-02,Sentinel,Thuja occidentalis,eastern white cedar,2011,80,1.02,FALSE,FALSE,556241.98,4914369.21
SEN-02,Sentinel,Triadenum virginicum,Virginia marsh St. Johnswort,2011,80,0.08,FALSE,FALSE,556241.98,4914369.21
SEN-02,Sentinel,Vaccinium angustifolium,lowbush blueberry,2011,20,0.02,FALSE,FALSE,556241.98,4914369.21
SEN-02,Sentinel,Vaccinium corymbosum,highbush blueberry,2011,20,0.4,FALSE,FALSE,556241.98,4914369.21
SEN-02,Sentinel,Vaccinium macrocarpon,large cranberry,2011,80,0.08,FALSE,FALSE,556241.98,4914369.21
SEN-02,Sentinel,Vaccinium oxycoccos,small cranberry,2011,100,0.46,FALSE,FALSE,556241.98,4914369.21
SEN-03,Sentinel,Acer rubrum,red maple,2011,80,0.08,FALSE,FALSE,553993.02,4898560.33
SEN-03,Sentinel,Alnus incana++,gray alder,2011,40,0.04,FALSE,FALSE,553993.02,4898560.33
SEN-03,Sentinel,Amelanchier,serviceberry,2011,80,0.26,FALSE,FALSE,553993.02,4898560.33
SEN-03,Sentinel,Aronia melanocarpa,black chokeberry,2011,100,0.84,FALSE,FALSE,553993.02,4898560.33
SEN-03,Sentinel,Carex stricta,upright sedge,2011,100,50,FALSE,FALSE,553993.02,4898560.33
SEN-03,Sentinel,Carex trisperma,threeseeded sedge,2011,60,0.06,FALSE,FALSE,553993.02,4898560.33
SEN-03,Sentinel,Chamaedaphne calyculata,leatherleaf,2011,100,9.2,FALSE,FALSE,553993.02,4898560.33
SEN-03,Sentinel,Cornus canadensis,bunchberry dogwood,2011,100,0.1,FALSE,FALSE,553993.02,4898560.33
SEN-03,Sentinel,Drosera rotundifolia,round-leaf sundew,2011,100,0.1,FALSE,FALSE,553993.02,4898560.33
SEN-03,Sentinel,Eriophorum angustifolium,tall cottongrass,2011,60,1,FALSE,FALSE,553993.02,4898560.33
SEN-03,Sentinel,Eurybia radula,low rough aster,2011,20,0.02,FALSE,FALSE,553993.02,4898560.33
SEN-03,Sentinel,Gaultheria hispidula,creeping snowberry,2011,20,0.02,FALSE,FALSE,553993.02,4898560.33
SEN-03,Sentinel,Gaylussacia baccata,black huckleberry,2011,100,3.2,FALSE,FALSE,553993.02,4898560.33
SEN-03,Sentinel,Ilex mucronata,mountain holly/catberry,2011,100,2.6,FALSE,FALSE,553993.02,4898560.33
SEN-03,Sentinel,Ilex verticillata,common winterberry,2011,20,0.02,FALSE,FALSE,553993.02,4898560.33
SEN-03,Sentinel,Kalmia angustifolia,sheep laurel,2011,100,1.08,FALSE,FALSE,553993.02,4898560.33
SEN-03,Sentinel,Kalmia polifolia,bog laurel,2011,40,0.04,FALSE,FALSE,553993.02,4898560.33
SEN-03,Sentinel,Larix laricina,tamarack,2011,100,14.8,FALSE,FALSE,553993.02,4898560.33
SEN-03,Sentinel,Morella pensylvanica,northern bayberry,2011,40,1,FALSE,FALSE,553993.02,4898560.33
SEN-03,Sentinel,Osmundastrum cinnamomea,cinnamon fern,2011,40,7.6,FALSE,FALSE,553993.02,4898560.33
SEN-03,Sentinel,Picea mariana,black spruce,2011,100,7.2,FALSE,FALSE,553993.02,4898560.33
SEN-03,Sentinel,Pinus banksiana,jack pine,2011,20,2,FALSE,FALSE,553993.02,4898560.33
SEN-03,Sentinel,Rhododendron canadense,rhodora,2011,100,3.8,FALSE,FALSE,553993.02,4898560.33
SEN-03,Sentinel,Rhododendron groenlandicum,bog Labrador tea,2011,100,0.28,FALSE,FALSE,553993.02,4898560.33
SEN-03,Sentinel,Sarracenia purpurea,purple pitcherplant,2011,100,0.64,FALSE,FALSE,553993.02,4898560.33
SEN-03,Sentinel,Sorbus americana,American mountain ash,2011,20,0.02,FALSE,FALSE,553993.02,4898560.33
SEN-03,Sentinel,Spiraea alba,white meadowsweet,2011,20,0.02,FALSE,FALSE,553993.02,4898560.33
SEN-03,Sentinel,Thuja occidentalis,eastern white cedar,2011,100,4.6,FALSE,FALSE,553993.02,4898560.33
SEN-03,Sentinel,Trientalis borealis,starflower,2011,100,0.1,FALSE,FALSE,553993.02,4898560.33
SEN-03,Sentinel,Vaccinium angustifolium,lowbush blueberry,2011,40,0.22,FALSE,FALSE,553993.02,4898560.33
SEN-03,Sentinel,Vaccinium macrocarpon,large cranberry,2011,100,0.1,FALSE,FALSE,553993.02,4898560.33
SEN-03,Sentinel,Vaccinium oxycoccos,small cranberry,2011,80,0.08,FALSE,FALSE,553993.02,4898560.33
SEN-03,Sentinel,Viburnum nudum,wild raisin,2011,100,0.28,FALSE,FALSE,553993.02,4898560.33
RAM-41,RAM,Acer rubrum,red maple,2017,50,0.02,FALSE,FALSE,549667.07,4903243.46
RAM-41,RAM,Acer rubrum,red maple,2012,50,0.02,FALSE,FALSE,549667.07,4903243.46
RAM-41,RAM,Alnus incana,gray alder,2017,25,2.22,FALSE,FALSE,549667.07,4903243.46
RAM-41,RAM,Amelanchier,serviceberry,2017,100,0.04,FALSE,FALSE,549667.07,4903243.46
RAM-41,RAM,Amelanchier,serviceberry,2012,75,2.64,FALSE,FALSE,549667.07,4903243.46
RAM-41,RAM,Aronia melanocarpa,black chokeberry,2012,100,6.6,FALSE,FALSE,549667.07,4903243.46
RAM-41,RAM,Berberis thunbergii,Japanese barberry,2017,100,10.2,TRUE,FALSE,549667.07,4903243.46
RAM-41,RAM,Calamagrostis canadensis,bluejoint,2012,25,0.06,FALSE,FALSE,549667.07,4903243.46
RAM-41,RAM,Carex folliculata,long sedge,2017,25,0.86,FALSE,FALSE,549667.07,4903243.46
RAM-41,RAM,Carex trisperma,threeseeded sedge,2017,100,4.82,FALSE,FALSE,549667.07,4903243.46
RAM-41,RAM,Carex trisperma,threeseeded sedge,2012,75,0.1,FALSE,FALSE,549667.07,4903243.46
RAM-41,RAM,Carex,sedge species,2017,25,0.44,FALSE,FALSE,549667.07,4903243.46
RAM-41,RAM,Chamaedaphne calyculata,leatherleaf,2012,100,0.4,FALSE,FALSE,549667.07,4903243.46
RAM-41,RAM,Chamaedaphne calyculata,leatherleaf,2017,100,31.2,FALSE,FALSE,549667.07,4903243.46
RAM-41,RAM,Cornus canadensis,bunchberry dogwood,2017,25,0.04,FALSE,FALSE,549667.07,4903243.46
RAM-41,RAM,Cornus canadensis,bunchberry dogwood,2012,25,0.04,FALSE,FALSE,549667.07,4903243.46
RAM-41,RAM,Doellingeria umbellata,parasol whitetop,2017,75,0.1,FALSE,FALSE,549667.07,4903243.46
RAM-41,RAM,Doellingeria umbellata,parasol whitetop,2012,75,0.1,FALSE,FALSE,549667.07,4903243.46
RAM-41,RAM,Dryopteris cristata,crested woodfern,2017,25,0.22,FALSE,FALSE,549667.07,4903243.46
RAM-41,RAM,Empetrum nigrum,black crowberry,2012,25,0.06,FALSE,FALSE,549667.07,4903243.46
RAM-41,RAM,Eriophorum angustifolium,tall cottongrass,2012,50,0.6,FALSE,FALSE,549667.07,4903243.46
RAM-41,RAM,Eriophorum angustifolium,tall cottongrass,2017,50,2.4,FALSE,FALSE,549667.07,4903243.46
RAM-41,RAM,Gaylussacia baccata,black huckleberry,2017,100,0.02,FALSE,FALSE,549667.07,4903243.46
RAM-41,RAM,Gaylussacia baccata,black huckleberry,2012,0,0.06,FALSE,FALSE,549667.07,4903243.46
RAM-41,RAM,Ilex mucronata,mountain holly/catberry,2017,100,0.84,FALSE,FALSE,549667.07,4903243.46
RAM-41,RAM,Ilex mucronata,mountain holly/catberry,2012,100,0.28,FALSE,FALSE,549667.07,4903243.46
RAM-41,RAM,Ilex verticillata,common winterberry,2017,25,0.1,FALSE,FALSE,549667.07,4903243.46
RAM-41,RAM,Iris versicolor,harlequin blueflag,2012,25,0.02,FALSE,FALSE,549667.07,4903243.46
RAM-41,RAM,Juncus effusus,common rush,2017,25,5.6,FALSE,FALSE,549667.07,4903243.46
RAM-41,RAM,Kalmia angustifolia,sheep laurel,2012,100,0.04,FALSE,FALSE,549667.07,4903243.46
RAM-41,RAM,Kalmia angustifolia,sheep laurel,2017,100,0.1,FALSE,FALSE,549667.07,4903243.46
RAM-41,RAM,Larix laricina,tamarack,2012,100,0.28,FALSE,FALSE,549667.07,4903243.46
RAM-41,RAM,Larix laricina,tamarack,2017,100,0.04,FALSE,FALSE,549667.07,4903243.46
RAM-41,RAM,Maianthemum canadense,Canada mayflower,2017,100,0.04,FALSE,FALSE,549667.07,4903243.46
RAM-41,RAM,Maianthemum canadense,Canada mayflower,2012,75,0.1,FALSE,FALSE,549667.07,4903243.46
RAM-41,RAM,Maianthemum trifolium,threeleaf false lily of the valley,2017,25,0.02,FALSE,FALSE,549667.07,4903243.46
RAM-41,RAM,Myrica gale,sweetgale,2017,100,0.1,FALSE,FALSE,549667.07,4903243.46
RAM-41,RAM,Myrica gale,sweetgale,2012,100,0.02,FALSE,FALSE,549667.07,4903243.46
RAM-41,RAM,Onoclea sensibilis,sensitive fern,2017,25,5.04,FALSE,FALSE,549667.07,4903243.46
RAM-41,RAM,Osmundastrum cinnamomea,cinnamon fern,2012,100,0.04,FALSE,FALSE,549667.07,4903243.46
RAM-41,RAM,Osmundastrum cinnamomea,cinnamon fern,2017,100,20.42,FALSE,FALSE,549667.07,4903243.46
RAM-41,RAM,Picea glauca,white spruce,2017,25,16,FALSE,FALSE,549667.07,4903243.46
RAM-41,RAM,Picea mariana,black spruce,2012,100,23.4,FALSE,FALSE,549667.07,4903243.46
RAM-41,RAM,Picea mariana,black spruce,2017,50,0.04,FALSE,FALSE,549667.07,4903243.46
RAM-41,RAM,Prenanthes,rattlesnakeroot,2017,25,1.4,FALSE,FALSE,549667.07,4903243.46
RAM-41,RAM,Rhododendron canadense,rhodora,2017,100,0.06,FALSE,FALSE,549667.07,4903243.46
RAM-41,RAM,Rhododendron canadense,rhodora,2012,100,1.86,FALSE,FALSE,549667.07,4903243.46
RAM-41,RAM,Rhododendron groenlandicum,bog Labrador tea,2017,100,1.46,FALSE,FALSE,549667.07,4903243.46
RAM-41,RAM,Rhododendron groenlandicum,bog Labrador tea,2012,100,0.06,FALSE,FALSE,549667.07,4903243.46
RAM-41,RAM,Rosa nitida,shining rose,2017,50,0.02,FALSE,FALSE,549667.07,4903243.46
RAM-41,RAM,Rosa nitida,shining rose,2012,25,0.02,FALSE,FALSE,549667.07,4903243.46
RAM-41,RAM,Rosa palustris,swamp rose,2012,25,1.66,FALSE,FALSE,549667.07,4903243.46
RAM-41,RAM,Rubus flagellaris,northern dewberry,2012,25,0.04,FALSE,FALSE,549667.07,4903243.46
RAM-41,RAM,Rubus hispidus,bristly dewberry,2012,75,0.46,FALSE,FALSE,549667.07,4903243.46
RAM-41,RAM,Rubus hispidus,bristly dewberry,2017,100,0.04,FALSE,FALSE,549667.07,4903243.46
RAM-41,RAM,Sarracenia purpurea,purple pitcherplant,2012,25,0.02,FALSE,FALSE,549667.07,4903243.46
RAM-41,RAM,Solidago uliginosa,bog goldenrod,2012,25,0.4,FALSE,FALSE,549667.07,4903243.46
RAM-41,RAM,Solidago uliginosa,bog goldenrod,2017,75,4.8,FALSE,FALSE,549667.07,4903243.46
RAM-41,RAM,Spiraea alba,white meadowsweet,2012,100,1.6,FALSE,FALSE,549667.07,4903243.46
RAM-41,RAM,Spiraea alba,white meadowsweet,2017,100,0.48,FALSE,FALSE,549667.07,4903243.46
RAM-41,RAM,Symplocarpus foetidus,skunk cabbage,2017,25,0.64,FALSE,FALSE,549667.07,4903243.46
RAM-41,RAM,Thelypteris palustris,eastern marsh fern,2017,25,0.04,FALSE,FALSE,549667.07,4903243.46
RAM-41,RAM,Trientalis borealis,starflower,2017,100,6,FALSE,FALSE,549667.07,4903243.46
RAM-41,RAM,Trientalis borealis,starflower,2012,100,6.04,FALSE,FALSE,549667.07,4903243.46
RAM-41,RAM,Vaccinium angustifolium,lowbush blueberry,2017,100,0.06,FALSE,FALSE,549667.07,4903243.46
RAM-41,RAM,Vaccinium angustifolium,lowbush blueberry,2012,75,1.04,FALSE,FALSE,549667.07,4903243.46
RAM-41,RAM,Vaccinium corymbosum,highbush blueberry,2012,100,0.02,FALSE,FALSE,549667.07,4903243.46
RAM-41,RAM,Vaccinium corymbosum,highbush blueberry,2017,100,0.2,FALSE,FALSE,549667.07,4903243.46
RAM-41,RAM,Vaccinium myrtilloides,velvetleaf huckleberry,2012,25,0.08,FALSE,FALSE,549667.07,4903243.46
RAM-41,RAM,Vaccinium myrtilloides,velvetleaf huckleberry,2017,50,1.02,FALSE,FALSE,549667.07,4903243.46
RAM-41,RAM,Vaccinium vitis-idaea,lingonberry,2017,25,0.08,FALSE,FALSE,549667.07,4903243.46
RAM-41,RAM,Viburnum nudum var. cassinoides,northern wild raisin,2017,100,0.02,FALSE,FALSE,549667.07,4903243.46
RAM-41,RAM,Viburnum nudum var. cassinoides,northern wild raisin,2012,100,0.4,FALSE,FALSE,549667.07,4903243.46
RAM-53,RAM,Acer rubrum,red maple,2017,100,0.08,FALSE,FALSE,549032.07,4909910.97
RAM-53,RAM,Acer rubrum,red maple,2012,100,0.46,FALSE,FALSE,549032.07,4909910.97
RAM-53,RAM,Alnus incana,gray alder,2017,100,0.08,FALSE,FALSE,549032.07,4909910.97
RAM-53,RAM,Alnus incana,gray alder,2012,100,0.04,FALSE,FALSE,549032.07,4909910.97
RAM-53,RAM,Amelanchier,serviceberry,2012,50,0.26,FALSE,FALSE,549032.07,4909910.97
RAM-53,RAM,Amelanchier,serviceberry,2017,100,0.84,FALSE,FALSE,549032.07,4909910.97
RAM-53,RAM,Aronia melanocarpa,black chokeberry,2017,100,50,FALSE,FALSE,549032.07,4909910.97
RAM-53,RAM,Berberis thunbergii,Japanese barberry,2012,100,0.06,TRUE,FALSE,549032.07,4909910.97
RAM-53,RAM,Berberis thunbergii,Japanese barberry,2017,100,9.2,TRUE,FALSE,549032.07,4909910.97
RAM-53,RAM,Calamagrostis canadensis,bluejoint,2012,100,0.1,FALSE,FALSE,549032.07,4909910.97
RAM-53,RAM,Calamagrostis canadensis,bluejoint,2017,100,0.1,FALSE,FALSE,549032.07,4909910.97
RAM-53,RAM,Carex atlantica,prickly bog sedge,2017,0,1,FALSE,FALSE,549032.07,4909910.97
RAM-53,RAM,Carex atlantica,prickly bog sedge,2012,50,0.02,FALSE,FALSE,549032.07,4909910.97
RAM-53,RAM,Carex folliculata,long sedge,2017,50,0.02,FALSE,FALSE,549032.07,4909910.97
RAM-53,RAM,Carex folliculata,long sedge,2012,50,3.2,FALSE,FALSE,549032.07,4909910.97
RAM-53,RAM,Carex lasiocarpa,woolly-fruit sedge,2012,75,2.6,FALSE,FALSE,549032.07,4909910.97
RAM-53,RAM,Carex lasiocarpa,woolly-fruit sedge,2017,100,0.02,FALSE,FALSE,549032.07,4909910.97
RAM-53,RAM,Carex stricta,upright sedge,2017,100,1.08,FALSE,FALSE,549032.07,4909910.97
RAM-53,RAM,Carex stricta,upright sedge,2012,100,0.04,FALSE,FALSE,549032.07,4909910.97
RAM-53,RAM,Celastrus orbiculatus,Asian bittersweet,2017,50,14.8,TRUE,FALSE,549032.07,4909910.97
RAM-53,RAM,Chamaedaphne calyculata,leatherleaf,2012,100,1,FALSE,FALSE,549032.07,4909910.97
RAM-53,RAM,Chamaedaphne calyculata,leatherleaf,2017,100,7.6,FALSE,FALSE,549032.07,4909910.97
RAM-53,RAM,Cornus canadensis,bunchberry dogwood,2017,100,7.2,FALSE,FALSE,549032.07,4909910.97
RAM-53,RAM,Cornus canadensis,bunchberry dogwood,2012,75,2,FALSE,FALSE,549032.07,4909910.97
RAM-53,RAM,Danthonia spicata,poverty oatgrass,2017,25,3.8,FALSE,FALSE,549032.07,4909910.97
RAM-53,RAM,Dichanthelium acuminatum,tapered rosette grass,2017,25,0.28,FALSE,FALSE,549032.07,4909910.97
RAM-53,RAM,Doellingeria umbellata,parasol whitetop,2017,75,0.64,FALSE,FALSE,549032.07,4909910.97
RAM-53,RAM,Doellingeria umbellata,parasol whitetop,2012,25,0.02,FALSE,FALSE,549032.07,4909910.97
RAM-53,RAM,Drosera intermedia,spoonleaf sundew,2017,50,0.02,FALSE,FALSE,549032.07,4909910.97
RAM-53,RAM,Drosera rotundifolia,round-leaf sundew,2017,50,4.6,FALSE,FALSE,549032.07,4909910.97
RAM-53,RAM,Drosera rotundifolia,round-leaf sundew,2012,50,0.1,FALSE,FALSE,549032.07,4909910.97
RAM-53,RAM,Dulichium arundinaceum,threeway sedge,2017,75,0.22,FALSE,FALSE,549032.07,4909910.97
RAM-53,RAM,Dulichium arundinaceum,threeway sedge,2012,50,0.1,FALSE,FALSE,549032.07,4909910.97
RAM-53,RAM,Epilobium leptophyllum,bog willowherb,2017,25,0.08,FALSE,FALSE,549032.07,4909910.97
RAM-53,RAM,Eriophorum angustifolium,tall cottongrass,2012,25,0.28,FALSE,FALSE,549032.07,4909910.97
RAM-53,RAM,Eriophorum tenellum,fewnerved cottongrass,2017,25,0.04,FALSE,FALSE,549032.07,4909910.97
RAM-53,RAM,Eriophorum virginicum,tawny cottongrass,2017,75,0.02,FALSE,FALSE,549032.07,4909910.97
RAM-53,RAM,Eriophorum virginicum,tawny cottongrass,2012,100,0.84,FALSE,FALSE,549032.07,4909910.97
RAM-53,RAM,Eurybia radula,low rough aster,2012,50,63,FALSE,FALSE,549032.07,4909910.97
RAM-53,RAM,Gaylussacia baccata,black huckleberry,2017,75,0.44,FALSE,FALSE,549032.07,4909910.97
RAM-53,RAM,Gaylussacia baccata,black huckleberry,2012,75,1.24,FALSE,FALSE,549032.07,4909910.97
RAM-53,RAM,Glyceria,mannagrass,2012,25,5.62,FALSE,FALSE,549032.07,4909910.97
RAM-53,RAM,Ilex mucronata,mountain holly/catberry,2012,25,0.02,FALSE,FALSE,549032.07,4909910.97
RAM-53,RAM,Ilex mucronata,mountain holly/catberry,2017,25,8.06,FALSE,FALSE,549032.07,4909910.97
RAM-53,RAM,Ilex verticillata,common winterberry,2017,100,0.02,FALSE,FALSE,549032.07,4909910.97
RAM-53,RAM,Ilex verticillata,common winterberry,2012,50,0.06,FALSE,FALSE,549032.07,4909910.97
RAM-53,RAM,Juncus canadensis,Canadian rush,2017,25,20.22,FALSE,FALSE,549032.07,4909910.97
RAM-53,RAM,Kalmia angustifolia,sheep laurel,2012,75,0.42,FALSE,FALSE,549032.07,4909910.97
RAM-53,RAM,Kalmia angustifolia,sheep laurel,2017,100,0.02,FALSE,FALSE,549032.07,4909910.97
RAM-53,RAM,Larix laricina,tamarack,2012,25,35.02,FALSE,FALSE,549032.07,4909910.97
RAM-53,RAM,Lysimachia terrestris,earth loosestrife,2012,75,0.02,FALSE,FALSE,549032.07,4909910.97
RAM-53,RAM,Lysimachia terrestris,earth loosestrife,2017,75,0.08,FALSE,FALSE,549032.07,4909910.97
RAM-53,RAM,Morella pensylvanica,northern bayberry,2017,50,0.02,FALSE,FALSE,549032.07,4909910.97
RAM-53,RAM,Myrica gale,sweetgale,2017,100,7.62,FALSE,FALSE,549032.07,4909910.97
RAM-53,RAM,Myrica gale,sweetgale,2012,100,0.02,FALSE,FALSE,549032.07,4909910.97
RAM-53,RAM,Oclemena nemoralis,bog aster,2017,100,0.02,FALSE,FALSE,549032.07,4909910.97
RAM-53,RAM,Oclemena nemoralis,bog aster,2012,100,1.46,FALSE,FALSE,549032.07,4909910.97
RAM-53,RAM,Osmunda regalis,royal fern,2017,100,0.02,FALSE,FALSE,549032.07,4909910.97
RAM-53,RAM,Osmunda regalis,royal fern,2012,100,0.08,FALSE,FALSE,549032.07,4909910.97
RAM-53,RAM,Osmundastrum cinnamomea,cinnamon fern,2012,100,1,FALSE,FALSE,549032.07,4909910.97
RAM-53,RAM,Osmundastrum cinnamomea,cinnamon fern,2017,100,0.02,FALSE,FALSE,549032.07,4909910.97
RAM-53,RAM,Picea rubens,red spruce,2017,75,0.04,FALSE,FALSE,549032.07,4909910.97
RAM-53,RAM,Pinus strobus,eastern white pine,2017,100,0.02,FALSE,FALSE,549032.07,4909910.97
RAM-53,RAM,Pinus strobus,eastern white pine,2012,100,0.28,FALSE,FALSE,549032.07,4909910.97
RAM-53,RAM,Pogonia ophioglossoides,rose pogonia,2017,25,0.08,FALSE,TRUE,549032.07,4909910.97
RAM-53,RAM,Quercus rubra,northern red oak,2012,50,2.84,FALSE,FALSE,549032.07,4909910.97
RAM-53,RAM,Rhamnus frangula,glossy buckthorn,2012,75,0.1,TRUE,FALSE,549032.07,4909910.97
RAM-53,RAM,Rhamnus frangula,glossy buckthorn,2017,100,0.1,TRUE,FALSE,549032.07,4909910.97
RAM-53,RAM,Rhododendron canadense,rhodora,2012,100,7,FALSE,FALSE,549032.07,4909910.97
RAM-53,RAM,Rhododendron canadense,rhodora,2017,100,0.1,FALSE,FALSE,549032.07,4909910.97
RAM-53,RAM,Rhynchospora alba,white beaksedge,2012,50,1.26,FALSE,FALSE,549032.07,4909910.97
RAM-53,RAM,Rosa palustris,swamp rose,2012,25,2.04,FALSE,FALSE,549032.07,4909910.97
RAM-53,RAM,Rubus flagellaris,northern dewberry,2012,100,35,FALSE,FALSE,549032.07,4909910.97
RAM-53,RAM,Rubus hispidus,bristly dewberry,2017,100,7.82,FALSE,FALSE,549032.07,4909910.97
RAM-53,RAM,Scirpus cyperinus,woolgrass,2012,0,0.04,FALSE,FALSE,549032.07,4909910.97
RAM-53,RAM,Scirpus cyperinus,woolgrass,2017,25,29.2,FALSE,FALSE,549032.07,4909910.97
RAM-53,RAM,Solidago rugosa,wrinkleleaf goldenrod,2012,25,0.04,FALSE,FALSE,549032.07,4909910.97
RAM-53,RAM,Solidago uliginosa,bog goldenrod,2012,25,0.04,FALSE,FALSE,549032.07,4909910.97
RAM-53,RAM,Spiraea alba,white meadowsweet,2017,100,7,FALSE,FALSE,549032.07,4909910.97
RAM-53,RAM,Spiraea alba,white meadowsweet,2012,100,1.42,FALSE,FALSE,549032.07,4909910.97
RAM-53,RAM,Spiraea tomentosa,steeplebush,2012,100,0.02,FALSE,FALSE,549032.07,4909910.97
RAM-53,RAM,Spiraea tomentosa,steeplebush,2017,100,0.66,FALSE,FALSE,549032.07,4909910.97
RAM-53,RAM,Symphyotrichum novi-belgii,New York aster,2017,25,0.02,FALSE,FALSE,549032.07,4909910.97
RAM-53,RAM,Thelypteris palustris,eastern marsh fern,2012,100,2.26,FALSE,FALSE,549032.07,4909910.97
RAM-53,RAM,Thelypteris palustris,eastern marsh fern,2017,75,0.1,FALSE,FALSE,549032.07,4909910.97
RAM-53,RAM,Triadenum virginicum,Virginia marsh St. Johnswort,2012,100,0.02,FALSE,FALSE,549032.07,4909910.97
RAM-53,RAM,Triadenum,marsh St. Johnswort,2017,100,0.8,FALSE,FALSE,549032.07,4909910.97
RAM-53,RAM,Trientalis borealis,starflower,2012,50,0.04,FALSE,FALSE,549032.07,4909910.97
RAM-53,RAM,Typha latifolia,broadleaf cattail,2012,75,0.02,FALSE,FALSE,549032.07,4909910.97
RAM-53,RAM,Typha latifolia,broadleaf cattail,2017,50,0.66,FALSE,FALSE,549032.07,4909910.97
RAM-53,RAM,Vaccinium angustifolium,lowbush blueberry,2017,100,1.24,FALSE,FALSE,549032.07,4909910.97
RAM-53,RAM,Vaccinium corymbosum,highbush blueberry,2012,100,0.1,FALSE,FALSE,549032.07,4909910.97
RAM-53,RAM,Vaccinium corymbosum,highbush blueberry,2017,100,0.22,FALSE,FALSE,549032.07,4909910.97
RAM-53,RAM,Vaccinium macrocarpon,large cranberry,2017,100,6.2,FALSE,FALSE,549032.07,4909910.97
RAM-53,RAM,Vaccinium macrocarpon,large cranberry,2012,100,0.02,FALSE,FALSE,549032.07,4909910.97
RAM-53,RAM,Viburnum nudum var. cassinoides,northern wild raisin,2012,25,0.62,FALSE,FALSE,549032.07,4909910.97
RAM-53,RAM,Viburnum nudum var. cassinoides,northern wild raisin,2017,100,4,FALSE,FALSE,549032.07,4909910.97
RAM-53,RAM,Viola,violet,2012,25,16.6,FALSE,FALSE,549032.07,4909910.97
RAM-62,RAM,Acer rubrum,red maple,2017,25,1.4,FALSE,FALSE,556731.46,4908125.03
RAM-62,RAM,Acer rubrum,red maple,2012,25,5.8,FALSE,FALSE,556731.46,4908125.03
RAM-62,RAM,Amelanchier,serviceberry,2012,25,0.02,FALSE,FALSE,556731.46,4908125.03
RAM-62,RAM,Aronia melanocarpa,black chokeberry,2017,50,0.02,FALSE,FALSE,556731.46,4908125.03
RAM-62,RAM,Carex limosa,mud sedge,2012,25,5.2,FALSE,FALSE,556731.46,4908125.03
RAM-62,RAM,Carex trisperma,threeseeded sedge,2012,100,0.02,FALSE,FALSE,556731.46,4908125.03
RAM-62,RAM,Carex trisperma,threeseeded sedge,2017,100,74,FALSE,FALSE,556731.46,4908125.03
RAM-62,RAM,Chamaedaphne calyculata,leatherleaf,2012,100,0.04,FALSE,FALSE,556731.46,4908125.03
RAM-62,RAM,Chamaedaphne calyculata,leatherleaf,2017,100,0.02,FALSE,FALSE,556731.46,4908125.03
RAM-62,RAM,Cornus canadensis,bunchberry dogwood,2017,100,0.04,FALSE,FALSE,556731.46,4908125.03
RAM-62,RAM,Cornus canadensis,bunchberry dogwood,2012,100,0.02,FALSE,FALSE,556731.46,4908125.03
RAM-62,RAM,Eriophorum virginicum,tawny cottongrass,2017,25,0.02,FALSE,FALSE,556731.46,4908125.03
RAM-62,RAM,Eriophorum virginicum,tawny cottongrass,2012,100,19,FALSE,FALSE,556731.46,4908125.03
RAM-62,RAM,Gaultheria hispidula,creeping snowberry,2017,100,0.02,FALSE,FALSE,556731.46,4908125.03
RAM-62,RAM,Gaultheria hispidula,creeping snowberry,2012,100,0.02,FALSE,FALSE,556731.46,4908125.03
RAM-62,RAM,Gaylussacia baccata,black huckleberry,2017,100,0.06,FALSE,FALSE,556731.46,4908125.03
RAM-62,RAM,Gaylussacia baccata,black huckleberry,2012,100,0.4,FALSE,FALSE,556731.46,4908125.03
RAM-62,RAM,Ilex mucronata,mountain holly/catberry,2012,100,0.08,FALSE,FALSE,556731.46,4908125.03
RAM-62,RAM,Ilex mucronata,mountain holly/catberry,2017,100,5.6,FALSE,FALSE,556731.46,4908125.03
RAM-62,RAM,Ilex verticillata,common winterberry,2017,100,0.1,FALSE,FALSE,556731.46,4908125.03
RAM-62,RAM,Kalmia angustifolia,sheep laurel,2017,100,0.02,FALSE,FALSE,556731.46,4908125.03
RAM-62,RAM,Kalmia angustifolia,sheep laurel,2012,100,1.2,FALSE,FALSE,556731.46,4908125.03
RAM-62,RAM,Larix laricina,tamarack,2017,100,0.84,FALSE,FALSE,556731.46,4908125.03
RAM-62,RAM,Larix laricina,tamarack,2012,75,0.02,FALSE,FALSE,556731.46,4908125.03
RAM-62,RAM,Maianthemum trifolium,threeleaf false lily of the valley,2017,100,8,FALSE,FALSE,556731.46,4908125.03
RAM-62,RAM,Maianthemum trifolium,threeleaf false lily of the valley,2012,100,51,FALSE,FALSE,556731.46,4908125.03
RAM-62,RAM,Monotropa uniflora,Indianpipe,2012,25,0.1,FALSE,FALSE,556731.46,4908125.03
RAM-62,RAM,Monotropa uniflora,Indianpipe,2017,25,0.28,FALSE,FALSE,556731.46,4908125.03
RAM-62,RAM,Myrica gale,sweetgale,2017,100,0.1,FALSE,FALSE,556731.46,4908125.03
RAM-62,RAM,Myrica gale,sweetgale,2012,75,0.06,FALSE,FALSE,556731.46,4908125.03
RAM-62,RAM,Picea mariana,black spruce,2012,100,0.1,FALSE,FALSE,556731.46,4908125.03
RAM-62,RAM,Picea mariana,black spruce,2017,100,0.1,FALSE,FALSE,556731.46,4908125.03
RAM-62,RAM,Rhododendron canadense,rhodora,2017,100,19,FALSE,FALSE,556731.46,4908125.03
RAM-62,RAM,Rhododendron canadense,rhodora,2012,100,0.06,FALSE,FALSE,556731.46,4908125.03
RAM-62,RAM,Rhododendron groenlandicum,bog Labrador tea,2017,100,0.02,FALSE,FALSE,556731.46,4908125.03
RAM-62,RAM,Rhododendron groenlandicum,bog Labrador tea,2012,100,0.2,FALSE,FALSE,556731.46,4908125.03
RAM-62,RAM,Symplocarpus foetidus,skunk cabbage,2012,100,0.1,FALSE,FALSE,556731.46,4908125.03
RAM-62,RAM,Symplocarpus foetidus,skunk cabbage,2017,100,0.1,FALSE,FALSE,556731.46,4908125.03
RAM-62,RAM,Trientalis borealis,starflower,2012,25,0.04,FALSE,FALSE,556731.46,4908125.03
RAM-62,RAM,Trientalis borealis,starflower,2017,25,0.22,FALSE,FALSE,556731.46,4908125.03
RAM-62,RAM,Vaccinium angustifolium,lowbush blueberry,2012,75,5.24,FALSE,FALSE,556731.46,4908125.03
RAM-62,RAM,Vaccinium angustifolium,lowbush blueberry,2017,100,0.02,FALSE,FALSE,556731.46,4908125.03
RAM-62,RAM,Vaccinium corymbosum,highbush blueberry,2012,100,3.2,FALSE,FALSE,556731.46,4908125.03
RAM-62,RAM,Vaccinium corymbosum,highbush blueberry,2017,100,43,FALSE,FALSE,556731.46,4908125.03
RAM-62,RAM,Vaccinium myrtilloides,velvetleaf huckleberry,2012,25,7.6,FALSE,FALSE,556731.46,4908125.03
RAM-62,RAM,Vaccinium myrtilloides,velvetleaf huckleberry,2017,100,0.04,FALSE,FALSE,556731.46,4908125.03
RAM-62,RAM,Vaccinium oxycoccos,small cranberry,2017,100,0.66,FALSE,FALSE,556731.46,4908125.03
RAM-62,RAM,Vaccinium oxycoccos,small cranberry,2012,100,0.02,FALSE,FALSE,556731.46,4908125.03
RAM-62,RAM,Vaccinium vitis-idaea,lingonberry,2012,100,66,FALSE,FALSE,556731.46,4908125.03
RAM-62,RAM,Vaccinium vitis-idaea,lingonberry,2017,100,0.1,FALSE,FALSE,556731.46,4908125.03
RAM-62,RAM,Viburnum nudum var. cassinoides,northern wild raisin,2012,100,0.1,FALSE,FALSE,556731.46,4908125.03
RAM-62,RAM,Viburnum nudum var. cassinoides,northern wild raisin,2017,100,0.02,FALSE,FALSE,556731.46,4908125.03
RAM-44,RAM,Acer rubrum,red maple,2012,50,0.06,FALSE,FALSE,530881.62,4877459.76
RAM-44,RAM,Acer rubrum,red maple,2017,25,0.08,FALSE,FALSE,530881.62,4877459.76
RAM-44,RAM,Alnus incana,gray alder,2017,100,2.6,FALSE,FALSE,530881.62,4877459.76
RAM-44,RAM,Alnus incana,gray alder,2012,100,0.04,FALSE,FALSE,530881.62,4877459.76
RAM-44,RAM,Apocynum androsaemifolium,spreading dogbane,2017,25,11.6,FALSE,FALSE,530881.62,4877459.76
RAM-44,RAM,Apocynum androsaemifolium,spreading dogbane,2012,25,20.4,FALSE,FALSE,530881.62,4877459.76
RAM-44,RAM,Betula populifolia,gray birch,2017,75,15.24,FALSE,FALSE,530881.62,4877459.76
RAM-44,RAM,Betula populifolia,gray birch,2012,75,31,FALSE,FALSE,530881.62,4877459.76
RAM-44,RAM,Calamagrostis canadensis,bluejoint,2017,100,0.1,FALSE,FALSE,530881.62,4877459.76
RAM-44,RAM,Calamagrostis canadensis,bluejoint,2012,100,0.02,FALSE,FALSE,530881.62,4877459.76
RAM-44,RAM,Carex atlantica,prickly bog sedge,2017,50,0.02,FALSE,FALSE,530881.62,4877459.76
RAM-44,RAM,Carex lacustris,hairy sedge,2012,100,0.02,FALSE,FALSE,530881.62,4877459.76
RAM-44,RAM,Carex lacustris,hairy sedge,2017,100,0.4,FALSE,FALSE,530881.62,4877459.76
RAM-44,RAM,Carex lasiocarpa,woolly-fruit sedge,2012,50,0.04,FALSE,FALSE,530881.62,4877459.76
RAM-44,RAM,Carex lasiocarpa,woolly-fruit sedge,2017,100,0.4,FALSE,FALSE,530881.62,4877459.76
RAM-44,RAM,Carex Ovalis group,NA,2012,50,0.02,FALSE,FALSE,530881.62,4877459.76
RAM-44,RAM,Carex stricta,upright sedge,2017,100,0.62,FALSE,FALSE,530881.62,4877459.76
RAM-44,RAM,Carex stricta,upright sedge,2012,100,0.02,FALSE,FALSE,530881.62,4877459.76
RAM-44,RAM,Chamaedaphne calyculata,leatherleaf,2012,100,0.02,FALSE,FALSE,530881.62,4877459.76
RAM-44,RAM,Chamaedaphne calyculata,leatherleaf,2017,100,0.04,FALSE,FALSE,530881.62,4877459.76
RAM-44,RAM,Comptonia peregrina,sweet fern,2012,25,0.1,FALSE,FALSE,530881.62,4877459.76
RAM-44,RAM,Doellingeria umbellata,parasol whitetop,2017,50,4.2,FALSE,FALSE,530881.62,4877459.76
RAM-44,RAM,Doellingeria umbellata,parasol whitetop,2012,25,22.8,FALSE,FALSE,530881.62,4877459.76
RAM-44,RAM,Dryopteris cristata,crested woodfern,2017,50,0.08,FALSE,FALSE,530881.62,4877459.76
RAM-44,RAM,Dulichium arundinaceum,threeway sedge,2017,50,0.1,FALSE,FALSE,530881.62,4877459.76
RAM-44,RAM,Equisetum arvense,field horsetail,2017,25,0.04,FALSE,FALSE,530881.62,4877459.76
RAM-44,RAM,Eurybia macrophylla,bigleaf aster,2017,50,0.04,FALSE,FALSE,530881.62,4877459.76
RAM-44,RAM,Festuca filiformis,fineleaf sheep fescue,2017,50,0.1,FALSE,FALSE,530881.62,4877459.76
RAM-44,RAM,Ilex mucronata,mountain holly/catberry,2017,50,0.1,FALSE,FALSE,530881.62,4877459.76
RAM-44,RAM,Ilex verticillata,common winterberry,2012,75,0.2,FALSE,FALSE,530881.62,4877459.76
RAM-44,RAM,Ilex verticillata,common winterberry,2017,75,7.04,FALSE,FALSE,530881.62,4877459.76
RAM-44,RAM,Iris versicolor,harlequin blueflag,2012,50,0.1,FALSE,FALSE,530881.62,4877459.76
RAM-44,RAM,Iris versicolor,harlequin blueflag,2017,50,0.1,FALSE,FALSE,530881.62,4877459.76
RAM-44,RAM,Juncus canadensis,Canadian rush,2017,50,0.02,FALSE,FALSE,530881.62,4877459.76
RAM-44,RAM,Juncus canadensis,Canadian rush,2012,25,0.1,FALSE,FALSE,530881.62,4877459.76
RAM-44,RAM,Juncus effusus,common rush,2017,25,11.2,FALSE,FALSE,530881.62,4877459.76
RAM-44,RAM,Lupinus polyphyllus,garden lupine,2012,50,11,FALSE,FALSE,530881.62,4877459.76
RAM-44,RAM,Lysimachia terrestris,earth loosestrife,2012,75,1.82,FALSE,FALSE,530881.62,4877459.76
RAM-44,RAM,Lysimachia terrestris,earth loosestrife,2017,100,11.22,FALSE,FALSE,530881.62,4877459.76
RAM-44,RAM,Malus,apple,2012,25,0.46,FALSE,FALSE,530881.62,4877459.76
RAM-44,RAM,Myrica gale,sweetgale,2012,100,0.2,FALSE,FALSE,530881.62,4877459.76
RAM-44,RAM,Myrica gale,sweetgale,2017,100,0.1,FALSE,FALSE,530881.62,4877459.76
RAM-44,RAM,Onoclea sensibilis,sensitive fern,2017,50,0.1,FALSE,FALSE,530881.62,4877459.76
RAM-44,RAM,Onoclea sensibilis,sensitive fern,2012,25,0.04,FALSE,FALSE,530881.62,4877459.76
RAM-44,RAM,Osmunda regalis,royal fern,2012,25,3.64,FALSE,FALSE,530881.62,4877459.76
RAM-44,RAM,Osmundastrum cinnamomea,cinnamon fern,2012,25,0.06,FALSE,FALSE,530881.62,4877459.76
RAM-44,RAM,Phleum pratense,timothy,2012,50,0.02,FALSE,FALSE,530881.62,4877459.76
RAM-44,RAM,Pinus strobus,eastern white pine,2017,50,0.02,FALSE,FALSE,530881.62,4877459.76
RAM-44,RAM,Pinus strobus,eastern white pine,2012,50,0.04,FALSE,FALSE,530881.62,4877459.76
RAM-44,RAM,Populus grandidentata,bigtooth aspen,2017,50,0.02,FALSE,FALSE,530881.62,4877459.76
RAM-44,RAM,Populus grandidentata,bigtooth aspen,2012,50,0.1,FALSE,FALSE,530881.62,4877459.76
RAM-44,RAM,Populus tremuloides,quaking aspen,2012,75,45,FALSE,FALSE,530881.62,4877459.76
RAM-44,RAM,Populus tremuloides,quaking aspen,2017,75,9.4,FALSE,FALSE,530881.62,4877459.76
RAM-44,RAM,Quercus rubra,northern red oak,2017,50,0.28,FALSE,FALSE,530881.62,4877459.76
RAM-44,RAM,Ranunculus acris,tall buttercup,2017,25,0.06,FALSE,FALSE,530881.62,4877459.76
RAM-44,RAM,Rhamnus frangula,glossy buckthorn,2012,75,26,TRUE,FALSE,530881.62,4877459.76
RAM-44,RAM,Rhamnus frangula,glossy buckthorn,2017,75,0.02,TRUE,FALSE,530881.62,4877459.76
RAM-44,RAM,Rhododendron canadense,rhodora,2017,25,0.64,FALSE,FALSE,530881.62,4877459.76
RAM-44,RAM,Rosa nitida,shining rose,2017,75,0.46,FALSE,FALSE,530881.62,4877459.76
RAM-44,RAM,Rosa palustris,swamp rose,2012,25,2.24,FALSE,FALSE,530881.62,4877459.76
RAM-44,RAM,Rosa virginiana,Virginia rose,2017,25,0.02,FALSE,FALSE,530881.62,4877459.76
RAM-44,RAM,Rubus hispidus,bristly dewberry,2017,50,0.04,FALSE,FALSE,530881.62,4877459.76
RAM-44,RAM,Rubus,blackberry,2017,50,0.02,FALSE,FALSE,530881.62,4877459.76
RAM-44,RAM,Salix petiolaris,slender willow,2017,100,0.08,FALSE,FALSE,530881.62,4877459.76
RAM-44,RAM,Salix,willow,2012,100,0.28,FALSE,FALSE,530881.62,4877459.76
RAM-44,RAM,Scirpus cyperinus,woolgrass,2017,25,0.1,FALSE,FALSE,530881.62,4877459.76
RAM-44,RAM,Scirpus cyperinus,woolgrass,2012,50,1,FALSE,FALSE,530881.62,4877459.76
RAM-44,RAM,Scutellaria,Huachuca skulcap,2012,50,0.02,FALSE,FALSE,530881.62,4877459.76
RAM-44,RAM,Solidago rugosa,wrinkleleaf goldenrod,2017,50,0.02,FALSE,FALSE,530881.62,4877459.76
RAM-44,RAM,Spiraea alba,white meadowsweet,2012,100,3.2,FALSE,FALSE,530881.62,4877459.76
RAM-44,RAM,Spiraea alba,white meadowsweet,2017,100,2.6,FALSE,FALSE,530881.62,4877459.76
RAM-44,RAM,Spiraea tomentosa,steeplebush,2017,25,0.02,FALSE,FALSE,530881.62,4877459.76
RAM-44,RAM,Triadenum virginicum,Virginia marsh St. Johnswort,2012,25,1.08,FALSE,FALSE,530881.62,4877459.76
RAM-44,RAM,Triadenum,marsh St. Johnswort,2017,75,0.04,FALSE,FALSE,530881.62,4877459.76
RAM-44,RAM,Utricularia cornuta,horned bladderwort,2017,25,14.8,FALSE,FALSE,530881.62,4877459.76
RAM-44,RAM,Vaccinium corymbosum,highbush blueberry,2017,25,1,FALSE,FALSE,530881.62,4877459.76
RAM-44,RAM,Veronica officinalis,common gypsyweed,2017,50,7.6,FALSE,FALSE,530881.62,4877459.76
RAM-44,RAM,Vicia cracca,bird vetch,2012,50,7.2,FALSE,FALSE,530881.62,4877459.76
RAM-44,RAM,Vicia cracca,bird vetch,2017,50,2,FALSE,FALSE,530881.62,4877459.76
RAM-05,RAM,Acer rubrum,red maple,2012,100,3.8,FALSE,FALSE,553186.04,4899764.18
RAM-05,RAM,Acer rubrum,red maple,2017,100,0.28,FALSE,FALSE,553186.04,4899764.18
RAM-05,RAM,Alnus incana,gray alder,2017,25,0.64,FALSE,FALSE,553186.04,4899764.18
RAM-05,RAM,Amelanchier,serviceberry,2017,50,0.02,FALSE,FALSE,553186.04,4899764.18
RAM-05,RAM,Arethusa bulbosa,dragon's mouth,2012,50,0.02,FALSE,TRUE,553186.04,4899764.18
RAM-05,RAM,Arethusa bulbosa,dragon's mouth,2017,50,4.6,FALSE,TRUE,553186.04,4899764.18
RAM-05,RAM,Aronia melanocarpa,black chokeberry,2012,100,0.1,FALSE,FALSE,553186.04,4899764.18
RAM-05,RAM,Aronia melanocarpa,black chokeberry,2017,100,0.22,FALSE,FALSE,553186.04,4899764.18
RAM-05,RAM,Calamagrostis canadensis,bluejoint,2012,50,0.1,FALSE,FALSE,553186.04,4899764.18
RAM-05,RAM,Calopogon tuberosus,grasspink,2017,100,0.08,FALSE,TRUE,553186.04,4899764.18
RAM-05,RAM,Calopogon tuberosus,grasspink,2012,75,0.28,FALSE,TRUE,553186.04,4899764.18
RAM-05,RAM,Carex atlantica,prickly bog sedge,2017,75,0.04,FALSE,FALSE,553186.04,4899764.18
RAM-05,RAM,Carex exilis,coastal sedge,2017,75,0.02,FALSE,FALSE,553186.04,4899764.18
RAM-05,RAM,Carex folliculata,long sedge,2012,50,0.84,FALSE,FALSE,553186.04,4899764.18
RAM-05,RAM,Carex folliculata,long sedge,2017,50,63,FALSE,FALSE,553186.04,4899764.18
RAM-05,RAM,Carex magellanica,boreal bog sedge,2017,50,0.44,FALSE,FALSE,553186.04,4899764.18
RAM-05,RAM,Carex pauciflora,fewflower sedge,2017,25,1.24,FALSE,FALSE,553186.04,4899764.18
RAM-05,RAM,Carex trisperma,threeseeded sedge,2012,75,5.62,FALSE,FALSE,553186.04,4899764.18
RAM-05,RAM,Carex trisperma,threeseeded sedge,2017,75,0.02,FALSE,FALSE,553186.04,4899764.18
RAM-05,RAM,Chamaedaphne calyculata,leatherleaf,2012,100,8.06,FALSE,FALSE,553186.04,4899764.18
RAM-05,RAM,Chamaedaphne calyculata,leatherleaf,2017,100,0.02,FALSE,FALSE,553186.04,4899764.18
RAM-05,RAM,Cornus canadensis,bunchberry dogwood,2012,100,0.06,FALSE,FALSE,553186.04,4899764.18
RAM-05,RAM,Cornus canadensis,bunchberry dogwood,2017,100,20.22,FALSE,FALSE,553186.04,4899764.18
RAM-05,RAM,Drosera intermedia,spoonleaf sundew,2012,50,0.42,FALSE,FALSE,553186.04,4899764.18
RAM-05,RAM,Drosera intermedia,spoonleaf sundew,2017,75,0.02,FALSE,FALSE,553186.04,4899764.18
RAM-05,RAM,Drosera rotundifolia,round-leaf sundew,2012,100,35.02,FALSE,FALSE,553186.04,4899764.18
RAM-05,RAM,Drosera rotundifolia,round-leaf sundew,2017,100,0.02,FALSE,FALSE,553186.04,4899764.18
RAM-05,RAM,Empetrum nigrum,black crowberry,2017,100,0.08,FALSE,FALSE,553186.04,4899764.18
RAM-05,RAM,Empetrum nigrum,black crowberry,2012,100,0.02,FALSE,FALSE,553186.04,4899764.18
RAM-05,RAM,Eriophorum angustifolium,tall cottongrass,2012,100,7.62,FALSE,FALSE,553186.04,4899764.18
RAM-05,RAM,Eriophorum angustifolium,tall cottongrass,2017,100,0.02,FALSE,FALSE,553186.04,4899764.18
RAM-05,RAM,Eriophorum virginicum,tawny cottongrass,2017,75,0.02,FALSE,FALSE,553186.04,4899764.18
RAM-05,RAM,Eriophorum virginicum,tawny cottongrass,2012,25,1.46,FALSE,FALSE,553186.04,4899764.18
RAM-05,RAM,Eurybia radula,low rough aster,2017,50,0.02,FALSE,FALSE,553186.04,4899764.18
RAM-05,RAM,Gaultheria hispidula,creeping snowberry,2012,75,0.08,FALSE,FALSE,553186.04,4899764.18
RAM-05,RAM,Gaultheria hispidula,creeping snowberry,2017,50,1,FALSE,FALSE,553186.04,4899764.18
RAM-05,RAM,Gaylussacia baccata,black huckleberry,2012,50,0.02,FALSE,FALSE,553186.04,4899764.18
RAM-05,RAM,Gaylussacia baccata,black huckleberry,2017,100,0.04,FALSE,FALSE,553186.04,4899764.18
RAM-05,RAM,Gaylussacia dumosa,dwarf huckleberry,2012,100,0.02,FALSE,FALSE,553186.04,4899764.18
RAM-05,RAM,Glyceria striata,fowl manna grass,2017,50,0.28,FALSE,FALSE,553186.04,4899764.18
RAM-05,RAM,Glyceria,mannagrass,2012,50,0.08,FALSE,FALSE,553186.04,4899764.18
RAM-05,RAM,Ilex mucronata,mountain holly/catberry,2017,100,2.84,FALSE,FALSE,553186.04,4899764.18
RAM-05,RAM,Ilex mucronata,mountain holly/catberry,2012,100,0.1,FALSE,FALSE,553186.04,4899764.18
RAM-05,RAM,Iris versicolor,harlequin blueflag,2017,75,0.1,FALSE,FALSE,553186.04,4899764.18
RAM-05,RAM,Iris versicolor,harlequin blueflag,2012,75,0.02,FALSE,FALSE,553186.04,4899764.18
RAM-05,RAM,Kalmia angustifolia,sheep laurel,2012,100,2.22,FALSE,FALSE,553186.04,4899764.18
RAM-05,RAM,Kalmia angustifolia,sheep laurel,2017,100,0.04,FALSE,FALSE,553186.04,4899764.18
RAM-05,RAM,Kalmia polifolia,bog laurel,2017,25,2.64,FALSE,FALSE,553186.04,4899764.18
RAM-05,RAM,Larix laricina,tamarack,2017,100,6.6,FALSE,FALSE,553186.04,4899764.18
RAM-05,RAM,Larix laricina,tamarack,2012,100,10.2,FALSE,FALSE,553186.04,4899764.18
RAM-05,RAM,Lonicera - Exotic,exotic bush honeysuckle,2017,50,0.06,TRUE,FALSE,553186.04,4899764.18
RAM-05,RAM,Maianthemum trifolium,threeleaf false lily of the valley,2012,75,0.86,FALSE,FALSE,553186.04,4899764.18
RAM-05,RAM,Maianthemum trifolium,threeleaf false lily of the valley,2017,100,4.82,FALSE,FALSE,553186.04,4899764.18
RAM-05,RAM,Melampyrum lineare,narrowleaf cowwheat,2012,50,0.1,FALSE,FALSE,553186.04,4899764.18
RAM-05,RAM,Myrica gale,sweetgale,2012,100,0.44,FALSE,FALSE,553186.04,4899764.18
RAM-05,RAM,Myrica gale,sweetgale,2017,100,0.4,FALSE,FALSE,553186.04,4899764.18
RAM-05,RAM,Oclemena nemoralis,bog aster,2017,75,31.2,FALSE,FALSE,553186.04,4899764.18
RAM-05,RAM,Oclemena nemoralis,bog aster,2012,100,0.04,FALSE,FALSE,553186.04,4899764.18
RAM-05,RAM,Oclemena X blakei,Blake's aster,2017,50,0.04,FALSE,FALSE,553186.04,4899764.18
RAM-05,RAM,Osmundastrum cinnamomea,cinnamon fern,2017,25,0.1,FALSE,FALSE,553186.04,4899764.18
RAM-05,RAM,Picea mariana,black spruce,2017,100,0.1,FALSE,FALSE,553186.04,4899764.18
RAM-05,RAM,Picea mariana,black spruce,2012,100,0.22,FALSE,FALSE,553186.04,4899764.18
RAM-05,RAM,Pogonia ophioglossoides,rose pogonia,2012,100,0.06,FALSE,TRUE,553186.04,4899764.18
RAM-05,RAM,Pogonia ophioglossoides,rose pogonia,2017,100,0.6,FALSE,TRUE,553186.04,4899764.18
RAM-05,RAM,Rhododendron canadense,rhodora,2012,100,2.4,FALSE,FALSE,553186.04,4899764.18
RAM-05,RAM,Rhododendron canadense,rhodora,2017,100,0.02,FALSE,FALSE,553186.04,4899764.18
RAM-05,RAM,Rhododendron groenlandicum,bog Labrador tea,2012,100,0.06,FALSE,FALSE,553186.04,4899764.18
RAM-05,RAM,Rhododendron groenlandicum,bog Labrador tea,2017,100,0.84,FALSE,FALSE,553186.04,4899764.18
RAM-05,RAM,Rhynchospora alba,white beaksedge,2017,100,0.28,FALSE,FALSE,553186.04,4899764.18
RAM-05,RAM,Rhynchospora alba,white beaksedge,2012,100,0.1,FALSE,FALSE,553186.04,4899764.18
RAM-05,RAM,Rosa nitida,shining rose,2017,50,0.02,FALSE,FALSE,553186.04,4899764.18
RAM-05,RAM,Rosa palustris,swamp rose,2012,25,5.6,FALSE,FALSE,553186.04,4899764.18
RAM-05,RAM,Rubus flagellaris,northern dewberry,2012,25,0.04,FALSE,FALSE,553186.04,4899764.18
RAM-05,RAM,Rubus hispidus,bristly dewberry,2017,50,0.1,FALSE,FALSE,553186.04,4899764.18
RAM-05,RAM,Sarracenia purpurea,purple pitcherplant,2017,100,0.28,FALSE,FALSE,553186.04,4899764.18
RAM-05,RAM,Sarracenia purpurea,purple pitcherplant,2012,100,0.04,FALSE,FALSE,553186.04,4899764.18
RAM-05,RAM,Solidago uliginosa,bog goldenrod,2017,75,0.04,FALSE,FALSE,553186.04,4899764.18
RAM-05,RAM,Solidago uliginosa,bog goldenrod,2012,100,0.1,FALSE,FALSE,553186.04,4899764.18
RAM-05,RAM,Spiraea alba,white meadowsweet,2017,25,0.02,FALSE,FALSE,553186.04,4899764.18
RAM-05,RAM,Symphyotrichum novi-belgii,New York aster,2017,75,0.1,FALSE,FALSE,553186.04,4899764.18
RAM-05,RAM,Symplocarpus foetidus,skunk cabbage,2017,100,2,FALSE,FALSE,553186.04,4899764.18
RAM-05,RAM,Symplocarpus foetidus,skunk cabbage,2012,100,3.8,FALSE,FALSE,553186.04,4899764.18
RAM-05,RAM,Trichophorum cespitosum,tufted bulrush,2012,75,0.28,FALSE,FALSE,553186.04,4899764.18
RAM-05,RAM,Trientalis borealis,starflower,2012,100,0.64,FALSE,FALSE,553186.04,4899764.18
RAM-05,RAM,Trientalis borealis,starflower,2017,75,0.02,FALSE,FALSE,553186.04,4899764.18
RAM-05,RAM,Utricularia cornuta,horned bladderwort,2012,50,0.02,FALSE,FALSE,553186.04,4899764.18
RAM-05,RAM,Utricularia cornuta,horned bladderwort,2017,75,4.6,FALSE,FALSE,553186.04,4899764.18
RAM-05,RAM,Vaccinium angustifolium,lowbush blueberry,2012,50,0.1,FALSE,FALSE,553186.04,4899764.18
RAM-05,RAM,Vaccinium angustifolium,lowbush blueberry,2017,75,0.22,FALSE,FALSE,553186.04,4899764.18
RAM-05,RAM,Vaccinium corymbosum,highbush blueberry,2017,50,0.1,FALSE,FALSE,553186.04,4899764.18
RAM-05,RAM,Vaccinium corymbosum,highbush blueberry,2012,50,0.08,FALSE,FALSE,553186.04,4899764.18
RAM-05,RAM,Vaccinium oxycoccos,small cranberry,2017,100,0.28,FALSE,FALSE,553186.04,4899764.18
RAM-05,RAM,Vaccinium oxycoccos,small cranberry,2012,100,0.04,FALSE,FALSE,553186.04,4899764.18
RAM-05,RAM,Vaccinium vitis-idaea,lingonberry,2017,25,0.02,FALSE,FALSE,553186.04,4899764.18
RAM-05,RAM,Viburnum nudum var. cassinoides,northern wild raisin,2017,100,0.84,FALSE,FALSE,553186.04,4899764.18
RAM-05,RAM,Viburnum nudum var. cassinoides,northern wild raisin,2012,100,63,FALSE,FALSE,553186.04,4899764.18
RAM-05,RAM,Xyris montana,northern yellow-eyed-grass,2017,50,0.44,FALSE,FALSE,553186.04,4899764.18
RAM-05,RAM,Xyris montana,northern yellow-eyed-grass,2012,50,1.24,FALSE,FALSE,553186.04,4899764.18
